# Name,   Type, SubType, Offset,  Size,    Flags
# Pistachio Smart Controller - ESP32 Partition Table
# Total Flash: 4MB (0x400000)
# This partition scheme provides:
# - 1.3 MB for application code (app0)
# - 1.3 MB for OTA updates (app1)
# - 1.5 MB for LittleFS (web files + config storage)

nvs,      data, nvs,     0x9000,  0x5000,
otadata,  data, ota,     0xe000,  0x2000,
app0,     app,  ota_0,   0x10000, 0x140000,
app1,     app,  ota_1,   0x150000,0x140000,
spiffs,   data, spiffs,  0x290000,0x170000,
